sequence,segment,model,err,median,dir,beta,recon,recon_inloop,blowup,floor,floor_dir,secs
poster_rotation,seg_C,cook,57.34,23.3,75.86,1.151,0.1112,0.0832,0.0,8.78,6.02,98
poster_rotation,seg_C,thesis,54.21,33.51,75.59,1.674,0.1073,0.0771,0.0,8.78,6.02,89
poster_rotation,seg_C,thesis_imu,8.76,8.17,6.05,1.04,0.3122,0.2086,0.0,8.78,6.02,107
poster_rotation,seg_C,thesis_cmax,10.2,8.91,6.86,0.898,0.2637,0.175,0.16,8.78,6.02,194
poster_rotation,seg_C,thesis_cmax_v2,14.53,12.57,9.19,0.879,0.1901,0.145,0.1867,8.78,6.02,269
dynamic_rotation,seg_D,cook,46.91,37.59,84.42,1.02,0.0608,-0.0521,0.0,7.23,9.73,78
dynamic_rotation,seg_D,thesis,42.73,35.85,84.81,1.443,0.0449,-0.0353,0.0,7.23,9.73,96
dynamic_rotation,seg_D,thesis_imu,7.14,6.22,9.66,1.011,0.4772,0.2846,0.0,7.23,9.73,83
dynamic_rotation,seg_D,thesis_cmax,9.0,8.28,12.48,0.878,0.4054,0.2737,0.0,7.23,9.73,100
dynamic_rotation,seg_D,thesis_cmax_v2,11.33,11.08,14.71,0.925,0.3548,0.244,0.0,7.23,9.73,103
