sequence,segment,model,dt_ms,n_frames,poisson,delta_VFG,delta_IG,delta_GI,delta_RF,delta_FR,delta_IMU,err,median,dir,beta,low_freq,contrast,secs
boxes_rotation,seg_B,thesis_cmax,20,50,iterative,0.12,0.1,0.05,0.05,0.1,0.5,8.1,5.38,7.65,0.935,0.0577,0.0529,67
poster_rotation,seg_C,thesis_cmax,20,50,iterative,0.12,0.1,0.05,0.05,0.1,0.5,10.81,9.38,7.43,0.86,0.0405,0.1231,156
dynamic_rotation,seg_D,thesis_cmax,20,50,iterative,0.12,0.1,0.05,0.05,0.1,0.5,10.32,9.63,11.34,0.877,0.0931,0.0352,3786
bycicle_sinthetic,seg_A,thesis_cmax,20,50,iterative,0.12,0.1,0.05,0.05,0.1,0.5,6.75,6.24,1.85,1.095,0.0187,0.4591,88
boxes_rotation,seg_B,thesis_cmax,20,50,iterative,0.12,0.1,0.02,0.05,0.1,0.5,8.13,5.38,7.64,0.935,0.053,0.034,163
poster_rotation,seg_C,thesis_cmax,20,50,iterative,0.12,0.1,0.02,0.05,0.1,0.5,10.83,9.39,7.43,0.86,0.0476,0.0428,115
dynamic_rotation,seg_D,thesis_cmax,20,50,iterative,0.12,0.1,0.02,0.05,0.1,0.5,10.33,9.71,11.34,0.877,0.0781,0.0211,81
bycicle_sinthetic,seg_A,thesis_cmax,20,50,iterative,0.12,0.1,0.02,0.05,0.1,0.5,6.67,6.1,1.82,1.094,0.0114,0.3623,259
boxes_rotation,seg_B,thesis_cmax,20,50,iterative,0.12,0.1,0.1,0.05,0.1,0.5,8.08,5.37,7.66,0.936,0.062,0.0756,58
poster_rotation,seg_C,thesis_cmax,20,50,iterative,0.12,0.1,0.1,0.05,0.1,0.5,10.79,9.35,7.44,0.861,0.0311,0.2671,73
dynamic_rotation,seg_D,thesis_cmax,20,50,iterative,0.12,0.1,0.1,0.05,0.1,0.5,10.31,9.57,11.34,0.878,0.0998,0.0565,60
bycicle_sinthetic,seg_A,thesis_cmax,20,50,iterative,0.12,0.1,0.1,0.05,0.1,0.5,6.81,6.33,1.85,1.096,0.0259,0.5733,116
boxes_rotation,seg_B,thesis_cmax,20,50,iterative,0.12,0.1,0.2,0.05,0.1,0.5,8.02,5.11,7.69,0.939,0.0385,0.2619,62
poster_rotation,seg_C,thesis_cmax,20,50,iterative,0.12,0.1,0.2,0.05,0.1,0.5,10.63,9.2,7.43,0.864,0.045,0.4777,71
dynamic_rotation,seg_D,thesis_cmax,20,50,iterative,0.12,0.1,0.2,0.05,0.1,0.5,10.13,9.28,11.31,0.882,0.0687,0.1443,47
bycicle_sinthetic,seg_A,thesis_cmax,20,50,iterative,0.12,0.1,0.2,0.05,0.1,0.5,6.88,6.42,1.73,1.099,0.0294,0.7295,114
boxes_rotation,seg_B,thesis_cmax,20,50,iterative,0.03,0.1,0.05,0.05,0.1,0.5,9.56,6.59,7.71,0.9,0.0829,0.0266,76
poster_rotation,seg_C,thesis_cmax,20,50,iterative,0.03,0.1,0.05,0.05,0.1,0.5,13.16,11.55,7.44,0.825,0.0746,0.0381,85
dynamic_rotation,seg_D,thesis_cmax,20,50,iterative,0.03,0.1,0.05,0.05,0.1,0.5,11.81,10.7,11.33,0.847,0.0926,0.0266,80
bycicle_sinthetic,seg_A,thesis_cmax,20,50,iterative,0.03,0.1,0.05,0.05,0.1,0.5,2.0,1.66,1.43,1.01,0.0281,0.2017,74
boxes_rotation,seg_B,thesis_cmax,20,50,iterative,0.06,0.1,0.05,0.05,0.1,0.5,9.25,6.37,7.69,0.905,0.028,0.1021,68
poster_rotation,seg_C,thesis_cmax,20,50,iterative,0.06,0.1,0.05,0.05,0.1,0.5,12.67,10.96,7.4,0.831,0.0316,0.1588,74
dynamic_rotation,seg_D,thesis_cmax,20,50,iterative,0.06,0.1,0.05,0.05,0.1,0.5,11.58,10.47,11.32,0.85,0.0849,0.046,50
bycicle_sinthetic,seg_A,thesis_cmax,20,50,iterative,0.06,0.1,0.05,0.05,0.1,0.5,3.1,2.48,1.64,1.032,0.016,0.6573,77
boxes_rotation,seg_B,thesis_cmax,20,50,iterative,0.24,0.1,0.05,0.05,0.1,0.5,7.68,4.73,7.66,0.963,0.0548,0.0496,63
poster_rotation,seg_C,thesis_cmax,20,50,iterative,0.24,0.1,0.05,0.05,0.1,0.5,9.28,8.21,7.37,0.89,0.0622,0.0466,70
dynamic_rotation,seg_D,thesis_cmax,20,50,iterative,0.24,0.1,0.05,0.05,0.1,0.5,9.34,8.18,11.29,0.908,0.0391,0.0628,49
